{
    "labels": {
        "-0.43480147996914814": [
            0,
            184
        ],
        "1.195704069915157": [
            1,
            35
        ],
        "-1.7159129834496736": [
            2,
            6
        ],
        "1.0404178270690327": [
            3,
            13,
            125
        ],
        "-0.3959799192576171": [
            4,
            93,
            121,
            142
        ],
        "1.0015962663575015": [
            5,
            153
        ],
        "1.700384359165061": [
            7
        ],
        "-1.832377665584267": [
            8
        ],
        "0.8463100235113773": [
            9,
            139
        ],
        "-1.405340497757425": [
            10,
            24,
            34,
            178
        ],
        "1.8944921627227165": [
            11
        ],
        "-1.3665189370458939": [
            12,
            176,
            182
        ],
        "-1.444162058468956": [
            14,
            170,
            174
        ],
        "1.118060948492095": [
            15,
            195
        ],
        "-0.5900877228152724": [
            16,
            20,
            40,
            126,
            160
        ],
        "0.6133806592421909": [
            17
        ],
        "-0.823017087084459": [
            18,
            124
        ],
        "1.8556706020111853": [
            19
        ],
        "0.8851315842229084": [
            21,
            23,
            31,
            37,
            137,
            159
        ],
        "-1.7547345441612048": [
            22,
            134,
            140,
            162
        ],
        "1.234525630626688": [
            25
        ],
        "-0.7065524049498657": [
            26,
            180
        ],
        "0.4192728556845355": [
            27,
            43
        ],
        "-0.7453739656613968": [
            28
        ],
        "1.4286334341843434": [
            29,
            143
        ],
        "-1.7935561048727358": [
            30,
            32
        ],
        "1.622741237741999": [
            33,
            41,
            173
        ],
        "-1.288875815622832": [
            36,
            150,
            188
        ],
        "-0.9394817692190521": [
            38,
            164
        ],
        "0.9627747056459706": [
            39,
            129,
            131,
            165,
            171
        ],
        "-0.5512661621037414": [
            42,
            146
        ],
        "-0.86183864779599": [
            44,
            196
        ],
        "0.5745590985306598": [
            45
        ],
        "0.18634349141534906": [
            46,
            61,
            70,
            81,
            87,
            90,
            103
        ],
        "-0.12422899427689955": [
            47,
            69,
            74,
            96
        ],
        "-0.31833679783455493": [
            48,
            49,
            71,
            79,
            94,
            98,
            105,
            112
        ],
        "0.06987880928075582": [
            50,
            62,
            78,
            95,
            110
        ],
        "0.38045129497300445": [
            51,
            53,
            88
        ],
        "0.14752193070381797": [
            52,
            75,
            111
        ],
        "-0.20187211569996172": [
            54
        ],
        "-0.357158358546086": [
            55,
            82,
            91,
            100
        ],
        "-0.007764312142306325": [
            56,
            66,
            97,
            106,
            115
        ],
        "-0.16305055498843063": [
            57,
            59,
            85,
            89,
            107,
            113
        ],
        "0.03105724856922475": [
            58,
            64,
            80
        ],
        "0.22516505212688012": [
            60,
            73,
            104,
            120
        ],
        "0.34162973426147336": [
            63,
            65,
            68,
            102,
            117
        ],
        "-0.08540743356536848": [
            67,
            77,
            101,
            109,
            114
        ],
        "-0.046585872853837404": [
            72,
            92,
            99
        ],
        "0.1087003699922869": [
            76
        ],
        "-0.24069367641149278": [
            83
        ],
        "0.2639866128384112": [
            84,
            119
        ],
        "0.30280817354994227": [
            86,
            122
        ],
        "-0.27951523712302384": [
            108,
            116,
            118
        ],
        "1.5839196770304678": [
            123,
            193
        ],
        "1.7392059198765921": [
            127,
            167
        ],
        "-1.5218051798920182": [
            128
        ],
        "-1.5994483013150804": [
            130
        ],
        "-0.6289092835268035": [
            132
        ],
        "0.8074884627998463": [
            133
        ],
        "1.4674549948958746": [
            135,
            151,
            183
        ],
        "-1.6770914227381426": [
            136
        ],
        "-1.5606267406035494": [
            138,
            172
        ],
        "1.66156279845353": [
            141,
            163
        ],
        "-1.4829836191804873": [
            144
        ],
        "1.8168490412996543": [
            145,
            185
        ],
        "0.9239531449344395": [
            147,
            197
        ],
        "-1.0947680120651764": [
            148
        ],
        "1.5450981163189368": [
            149,
            179
        ],
        "-1.1724111334882386": [
            152,
            166
        ],
        "-1.327697376334363": [
            154,
            194
        ],
        "1.5062765556074056": [
            155
        ],
        "-1.9100207870073291": [
            156,
            158
        ],
        "1.0792393877805637": [
            157
        ],
        "1.2733471913382193": [
            161,
            199
        ],
        "-0.900660208507521": [
            168
        ],
        "0.49691597710759766": [
            169
        ],
        "1.3898118734728124": [
            175,
            181
        ],
        "0.7298453413767841": [
            177,
            191
        ],
        "-1.0171248906421142": [
            186
        ],
        "0.691023780665253": [
            187
        ],
        "1.3509903127612812": [
            189
        ],
        "-1.0559464513536454": [
            190
        ],
        "-1.6382698620266116": [
            192
        ],
        "-1.2500542549113007": [
            198
        ]
    }
}